Number;Firstname;Surname;Birthday;Gender;Club;Nation;Type;Class;Starttime;Finish;RankValue;ExitStatus;Rank;RankPoints;Participated;ContestantId;Team;TotalPoints;TotalTime;TotalTimeFormatted;TotalDiffTimeFormatted;BonusSeconds;ClassId;Lerøy Cup Senior 2/Junior Cup 1 Sprint-Points;Lerøy Cup Senior 2/Junior Cup 1 Sprint-Time;Lerøy Cup Senior 2/Junior Cup 1 Sprint-TimeFormatted;Lerøy Cup Senior 2/Junior Cup 1 Sprint-DiffTimeFormatted;Lerøy Cup Senior 2/Junior Cup 1 Normal-Points;Lerøy Cup Senior 2/Junior Cup 1 Normal-Time;Lerøy Cup Senior 2/Junior Cup 1 Normal-TimeFormatted;Lerøy Cup Senior 2/Junior Cup 1 Normal-DiffTimeFormatted;Lerøy Cup Senior 3/Junior 2 Fellesstart-Points;Lerøy Cup Senior 3/Junior 2 Fellesstart-Time;Lerøy Cup Senior 3/Junior 2 Fellesstart-TimeFormatted;Lerøy Cup Senior 3/Junior 2 Fellesstart-DiffTimeFormatted;Lerøy Cup Senior 3/ Junior 2 Sprint-Points;Lerøy Cup Senior 3/ Junior 2 Sprint-Time;Lerøy Cup Senior 3/ Junior 2 Sprint-TimeFormatted;Lerøy Cup Senior 3/ Junior 2 Sprint-DiffTimeFormatted;Lerøy Cup Senior 4/Junior 3 /Ungdom 2 Sprint-Points;Lerøy Cup Senior 4/Junior 3 /Ungdom 2 Sprint-Time;Lerøy Cup Senior 4/Junior 3 /Ungdom 2 Sprint-TimeFormatted;Lerøy Cup Senior 4/Junior 3 /Ungdom 2 Sprint-DiffTimeFormatted;Lerøy Cup Senior 4/Junior 3 /Ungdom 2 jaktstart-Points;Lerøy Cup Senior 4/Junior 3 /Ungdom 2 jaktstart-Time;Lerøy Cup Senior 4/Junior 3 /Ungdom 2 jaktstart-TimeFormatted;Lerøy Cup Senior 4/Junior 3 /Ungdom 2 jaktstart-DiffTimeFormatted;NM junior/ungdom Normal / Lerøy cup 5 senior Normal-Points;NM junior/ungdom Normal / Lerøy cup 5 senior Normal-Time;NM junior/ungdom Normal / Lerøy cup 5 senior Normal-TimeFormatted;NM junior/ungdom Normal / Lerøy cup 5 senior Normal-DiffTimeFormatted;Lerøy Cup Senior 5/Junior 4/Ungdom 3 Sprint-Points;Lerøy Cup Senior 5/Junior 4/Ungdom 3 Sprint-Time;Lerøy Cup Senior 5/Junior 4/Ungdom 3 Sprint-TimeFormatted;Lerøy Cup Senior 5/Junior 4/Ungdom 3 Sprint-DiffTimeFormatted;NM Junior - Fellestart - Lerøy Cup Senior 6 / Junior 5 / Ungdom 4-Points;NM Junior - Fellestart - Lerøy Cup Senior 6 / Junior 5 / Ungdom 4-Time;NM Junior - Fellestart - Lerøy Cup Senior 6 / Junior 5 / Ungdom 4-TimeFormatted;NM Junior - Fellestart - Lerøy Cup Senior 6 / Junior 5 / Ungdom 4-DiffTimeFormatted;NM Junior - Sprint- Lerøy Cup Senior 6 / Junior 5 / Ungdom 4-Points;NM Junior - Sprint- Lerøy Cup Senior 6 / Junior 5 / Ungdom 4-Time;NM Junior - Sprint- Lerøy Cup Senior 6 / Junior 5 / Ungdom 4-TimeFormatted;NM Junior - Sprint- Lerøy Cup Senior 6 / Junior 5 / Ungdom 4-DiffTimeFormatted
1;Marthe Kråkstad;Johansen;0;f;Bossmo & Ytteren IL;NO;Serie;K20-22;00:00:00.000;Mål;290.0;OK;1;0;7;694468;;290.0;13010980;3:36:50.9;0:00.000;0;623699;NOR;36.0;1398200;23:18.2;0:15.1;45.0;2585570;43:05.5;0:20.3;45.0;1966210;32:46.2;0:34.7;;;;;;;;;;;;;50.0;2383300;39:43.3;0:00.0;40.0;1334300;22:14.3;0:14.2;50.0;1863400;31:03.4;0:00.0;24.0;1480000;24:40.0;0:46.6
2;Juni;Arnekleiv;0;f;Dombås IL;NO;Serie;K20-22;00:00:00.000;Mål;265.0;OK;2;0;8;527091;;265.0;14771590;4:06:11.5;Mangler -1;0;623699;NOR;40.0;1389200;23:09.2;0:06.1;50.0;2565290;42:45.2;0:00.0;19.0;2067930;34:27.9;2:16.4;50.0;1224770;20:24.7;0:00.0;;;;;;;;;21.0;2686300;44:46.3;5:03.0;24.0;1405300;23:25.3;1:25.2;45.0;1901500;31:41.5;0:38.1;16.0;1531300;25:31.3;1:37.9
3;Anne Bunemann;De Besche;0;f;Try, Idrettslaget;NO;Serie;K20-22;00:00:00.000;Mål;265.0;OK;3;0;8;4118391;Wang Toppidrett;265.0;14733580;4:05:33.5;Mangler -1;0;623699;NOR;26.0;1435700;23:55.7;0:52.6;24.0;2727790;45:27.7;2:42.5;24.0;2025010;33:45.0;1:33.5;45.0;1250680;20:50.6;0:25.9;;;;;;;;;32.0;2577900;42:57.9;3:14.6;45.0;1333900;22:13.9;0:13.8;40.0;1913200;31:53.2;0:49.8;29.0;1469400;24:29.4;0:36.0
4;Vilde Aurora Gusevik;Skotland;0;f;Try, Idrettslaget;NO;Serie;K20-22;00:00:00.000;Mål;255.0;OK;4;0;8;1428541;Holmenkollen Biathlon;255.0;14090390;3:54:50.3;Mangler -1;0;623699;NOR;17.0;1475000;24:35.0;1:31.9;36.0;2621590;43:41.5;0:56.3;20.0;2061920;34:21.9;2:10.4;26.0;1307280;21:47.2;1:22.5;40.0;1393300;23:13.3;0:25.3;45.0;1874000;31:14.0;0:19.5;0.0;2568800;42:48.8;3:05.5;20.0;1431600;23:51.6;1:51.5;36.0;1933100;32:13.1;1:09.7;32.0;1467600;24:27.6;0:34.2
5;Guri;Sandvold;0;f;Tynset IF;NO;Serie;K20-22;00:00:00.000;Mål;248.0;OK;5;0;8;694442;Trondheim Biathlon Team;248.0;14146370;3:55:46.3;Mangler -1;0;623699;NOR;29.0;1428400;23:48.4;0:45.3;17.0;2785820;46:25.8;3:40.6;50.0;1931500;32:11.5;0:00.0;20.0;1327550;22:07.5;1:42.8;50.0;1368000;22:48.0;0:00.0;29.0;1953200;32:33.2;1:38.7;16.0;2725900;45:25.9;5:42.6;29.0;1370600;22:50.6;0:50.5;24.0;1981300;33:01.3;1:57.9;14.0;1541300;25:41.3;1:47.9
6;Åsne;Skrede;0;f;Geilo IL;NO;Serie;K20-22;00:00:00.000;Mål;248.0;OK;6;0;6;677696;;248.0;11077150;3:04:37.1;Mangler 1;0;623699;NOR;45.0;1384900;23:04.9;0:01.8;32.0;2664590;44:24.5;1:39.3;40.0;1978420;32:58.4;0:46.9;36.0;1273240;21:13.2;0:48.5;;;;;;;;;45.0;2455900;40:55.9;1:12.6;50.0;1320100;22:00.1;0:00.0;;;;;;;;
7;Marte Carlson;Møller;0;f;Trysilgutten IL;NO;Serie;K20-22;00:00:00.000;Mål;223.0;OK;7;0;8;4150504;;223.0;13701890;3:48:21.8;Mangler -1;0;623699;NOR;16.0;1485500;24:45.5;1:42.4;19.0;2760450;46:00.4;3:15.2;0.0;2257910;37:37.9;5:26.4;24.0;1311740;21:51.7;1:27.0;45.0;1389100;23:09.1;0:21.1;32.0;1949900;32:29.9;1:35.4;15.0;2732900;45:32.9;5:49.6;36.0;1360900;22:40.9;0:40.8;32.0;1938500;32:18.5;1:15.1;19.0;1505800;25:05.8;1:12.4
8;Marit Ishol;Skogan;0;f;Steinkjer Skiklubb;NO;Serie;K20-22;00:00:00.000;Mål;215.0;OK;8;0;8;4084455;;215.0;14677920;4:04:37.9;Mangler -1;0;623699;NOR;32.0;1422400;23:42.4;0:39.3;11.0;2971220;49:31.2;6:46.0;2.0;2208710;36:48.7;4:37.2;32.0;1291590;21:31.5;1:06.8;36.0;1413200;23:33.2;0:45.2;40.0;1922300;32:02.3;1:07.8;0.0;0;0:00.0;39:43.3;;;;;22.0;1994000;33:14.0;2:10.6;40.0;1454500;24:14.5;0:21.1
9;Andrine Øverland;Hatling;0;f;Fana IL;NO;Serie;K20-22;00:00:00.000;Mål;213.0;OK;9;0;8;694440;;213.0;14221200;3:57:01.2;Mangler -1;0;623699;NOR;2.0;1557800;25:57.8;2:54.7;0.0;3096960;51:36.9;8:51.7;9.0;2157160;35:57.1;3:45.6;29.0;1295840;21:35.8;1:11.1;20.0;1445900;24:05.9;1:17.9;50.0;1854500;30:54.5;0:00.0;24.0;2676300;44:36.3;4:53.0;26.0;1374100;22:54.1;0:54.0;29.0;1945300;32:25.3;1:21.9;26.0;1472100;24:32.1;0:38.7
10;Randi Sollid;Nordvang;0;f;Vingelen IL;NO;Serie;K20-22;00:00:00.000;Mål;212.0;OK;10;0;8;4524593;Team Mesterbakeren;212.0;13732010;3:48:52.0;Mangler -1;0;623699;NOR;22.0;1449000;24:09.0;1:05.9;9.0;2974090;49:34.0;6:48.8;32.0;1996670;33:16.6;1:05.1;21.0;1324140;22:04.1;1:39.4;21.0;1441100;24:01.1;1:13.1;20.0;2016600;33:36.6;2:42.1;19.0;2699600;44:59.6;5:16.3;32.0;1369600;22:49.6;0:49.5;12.0;2039700;33:59.7;2:56.3;45.0;1435300;23:55.3;0:01.9
11;Mari;Wetterhus;0;f;Svene IL;NO;Serie;K20-22;00:00:00.000;Mål;202.0;OK;11;0;8;3133478;Team Maxim;202.0;14992820;4:09:52.8;Mangler -1;0;623699;NOR;10.0;1516100;25:16.1;2:13.0;29.0;2676010;44:36.0;1:50.8;36.0;1991810;33:11.8;1:00.3;40.0;1269000;21:09.0;0:44.3;;;;;;;;;36.0;2571200;42:51.2;3:07.9;21.0;1415400;23:35.4;1:35.3;10.0;2057700;34:17.7;3:14.3;20.0;1495600;24:55.6;1:02.2
12;Kristina Hipolan;Bergmann;0;f;Drangedal Idrettslag - Skiskyting;NO;Serie;K20-22;00:00:00.000;Mål;198.0;OK;12;0;8;3545375;Sirdal Ski;198.0;15819090;4:23:39.0;Mangler -1;0;623699;NOR;3.0;1555600;25:55.6;2:52.5;15.0;2867980;47:47.9;5:02.7;16.0;2091810;34:51.8;2:40.3;19.0;1338900;22:18.9;1:54.2;29.0;1417100;23:37.1;0:49.1;26.0;1993100;33:13.1;2:18.6;17.0;2717400;45:17.4;5:34.1;2.0;1547000;25:47.0;3:46.9;26.0;1959400;32:39.4;1:36.0;50.0;1433400;23:53.4;0:00.0
13;Kjersti Kvistad;Dengerud;0;f;Steinkjer Skiklubb;NO;Serie;K20-22;00:00:00.000;Mål;182.0;OK;13;0;8;941171;Team Maxim;182.0;15127460;4:12:07.4;Mangler -1;0;623699;NOR;11.0;1513700;25:13.7;2:10.6;21.0;2739460;45:39.4;2:54.2;7.0;2163160;36:03.1;3:51.6;7.0;1390420;23:10.4;2:45.7;17.0;1467500;24:27.5;1:39.5;21.0;2011900;33:31.9;2:37.4;40.0;2465800;41:05.8;1:22.5;16.0;1467300;24:27.3;2:27.2;20.0;2000900;33:20.9;2:17.5;36.0;1460900;24:20.9;0:27.5
14;Tora Eid;Løvås;0;f;Trondhjems Skiskyttere;NO;Serie;K20-22;00:00:00.000;Mål;175.0;OK;14;0;8;461528;Trondheim Biathlon Team;175.0;15759280;4:22:39.2;Mangler -1;0;623699;NOR;19.0;1464800;24:24.8;1:21.7;18.0;2768040;46:08.0;3:22.8;18.0;2075340;34:35.3;2:23.8;0.0;1458700;24:18.7;3:54.0;32.0;1413300;23:33.3;0:45.3;22.0;2010400;33:30.4;2:35.9;29.0;2582000;43:02.0;3:18.7;18.0;1441000;24:01.0;2:00.9;19.0;2004400;33:24.4;2:21.0;11.0;1554700;25:54.7;2:01.3
15;Frida;Dahl;0;f;Steinkjer Skiklubb;NO;Serie;K20-22;00:00:00.000;Mål;174.0;OK;15;0;8;3033310;Trondheim Biathlon Team;174.0;15200820;4:13:20.8;Mangler -1;0;623699;NOR;50.0;1383100;23:03.1;0:00.0;40.0;2597270;43:17.2;0:32.0;6.0;2164780;36:04.7;3:53.2;16.0;1350150;22:30.1;2:05.4;3.0;1556400;25:56.4;3:08.4;11.0;2154500;35:54.5;5:00.0;26.0;2602400;43:22.4;3:39.1;12.0;1482200;24:42.2;2:42.1;7.0;2083200;34:43.2;3:39.8;12.0;1548000;25:48.0;1:54.6
16;Nora Dokken;Berget;0;f;Svene IL;NO;Serie;K20-22;00:00:00.000;Mål;151.0;OK;16;0;8;694855;Team Kongsberg;151.0;15345070;4:15:45.0;Mangler -1;0;623699;NOR;24.0;1448900;24:08.9;1:05.8;26.0;2699290;44:59.2;2:14.0;8.0;2161520;36:01.5;3:50.0;22.0;1314360;21:54.3;1:29.6;26.0;1433300;23:53.3;1:05.3;17.0;2063300;34:23.3;3:28.8;14.0;2748100;45:48.1;6:04.8;14.0;1476300;24:36.3;2:36.2;2.0;2159800;35:59.8;4:56.4;0.0;0;0:00.0;23:53.4
17;Katinka Dorothea Rayner-Battle;Kleveland;0;f;Birkenes IL;NO;Serie;K20-22;00:00:00.000;Mål;141.0;OK;17;0;8;4711725;Sirdal Ski;141.0;14829650;4:07:09.6;Mangler -1;0;623699;NOR;15.0;1488800;24:48.8;1:45.7;13.0;2903280;48:23.2;5:38.0;26.0;2021220;33:41.2;1:29.7;18.0;1339150;22:19.1;1:54.4;15.0;1485500;24:45.5;1:57.5;15.0;2087400;34:47.4;3:52.9;5.0;2883400;48:03.4;8:20.1;0.0;1601000;26:41.0;4:40.9;17.0;2021400;33:41.4;2:38.0;22.0;1482900;24:42.9;0:49.5
18;Oda Støen;Kolkinn;0;f;Søndre Ål Sportsklubb;NO;Serie;K20-22;00:00:00.000;Mål;136.0;OK;18;0;8;4732743;Team Woodcon;136.0;15343250;4:15:43.2;Mangler -1;0;623699;NOR;7.0;1529600;25:29.6;2:26.5;20.0;2751390;45:51.3;3:06.1;0.0;2266960;37:46.9;5:35.4;17.0;1341060;22:21.0;1:56.3;10.0;1502900;25:02.9;2:14.9;19.0;2057500;34:17.5;3:23.0;22.0;2676500;44:36.5;4:53.2;13.0;1477900;24:37.9;2:37.8;18.0;2011900;33:31.9;2:28.5;17.0;1524100;25:24.1;1:30.7
19;Hilde;Fosse;0;f;Voss Skiskytterlag;NO;Serie;K20-22;00:00:00.000;Mål;123.0;OK;19;0;6;581271;;123.0;10355530;2:52:35.5;Mangler 1;0;623699;NOR;;;;;;;;;21.0;2050120;34:10.1;1:58.6;14.0;1354210;22:34.2;2:09.5;24.0;1434300;23:54.3;1:06.3;36.0;1947000;32:27.0;1:32.5;;;;;;;;;21.0;1995200;33:15.2;2:11.8;7.0;1574700;26:14.7;2:21.3
20;Sara;BORCHGREVINK;0;f;Fossum IF;NO;Serie;K20-22;00:00:00.000;Mål;114.0;OK;20;0;8;431925;Holmenkollen Biathlon;114.0;14974890;4:09:34.8;Mangler -1;0;623699;NOR;14.0;1490700;24:50.7;1:47.6;2.0;3020440;50:20.4;7:35.2;29.0;2021060;33:41.0;1:29.5;0.0;1444690;24:04.6;3:39.9;22.0;1436000;23:56.0;1:08.0;24.0;1998800;33:18.8;2:24.3;0.0;3117100;51:57.1;12:13.8;17.0;1459800;24:19.8;2:19.7;6.0;2103400;35:03.4;4:00.0;0.0;1606800;26:46.8;2:53.4
21;Ingrid Kristine;Wright-Hagen;0;f;Åsnes Skiskytterlag;NO;Serie;K20-22;00:00:00.000;Mål;102.0;OK;21;0;8;3799351;Team Woodcon;102.0;15832910;4:23:52.9;Mangler -1;0;623699;NOR;0.0;1564500;26:04.5;3:01.4;8.0;2989010;49:49.0;7:03.8;10.0;2152880;35:52.8;3:41.3;13.0;1359820;22:39.8;2:15.1;13.0;1489200;24:49.2;2:01.2;;;;;12.0;2792100;46:32.1;6:48.8;22.0;1414100;23:34.1;1:34.0;3.0;2147200;35:47.2;4:43.8;21.0;1488600;24:48.6;0:55.2
22;Signe;Hofstad;0;f;Røros IL;NO;Serie;K20-22;00:00:00.000;Mål;98.0;OK;22;0;8;360256;Trondheim Biathlon Team;98.0;15274280;4:14:34.2;Mangler -1;0;623699;NOR;13.0;1492700;24:52.7;1:49.6;3.0;3016340;50:16.3;7:31.1;15.0;2121040;35:21.0;3:09.5;2.0;1442160;24:02.1;3:37.4;14.0;1487700;24:47.7;1:59.7;18.0;2061300;34:21.3;3:26.8;2.0;2891400;48:11.4;8:28.1;6.0;1516600;25:16.6;3:16.5;11.0;2055400;34:15.4;3:12.0;18.0;1523200;25:23.2;1:29.8
23;Ingrid;Nordbotten;0;f;Sandnes Skiskytterlag;NO;Serie;K20-22;00:00:00.000;Mål;94.0;OK;23;0;6;694463;Sirdal Ski;94.0;11281410;3:08:01.4;Mangler 1;0;623699;NOR;20.0;1461000;24:21.0;1:17.9;16.0;2809100;46:49.1;4:03.9;22.0;2044130;34:04.1;1:52.6;11.0;1381080;23:01.0;2:36.3;;;;;;;;;;;;;;;;;15.0;2030700;33:50.7;2:47.3;10.0;1555400;25:55.4;2:02.0
24;Andrine Håstul;Flom;0;f;Drangedal Idrettslag - Skiskyting;NO;Serie;K20-22;00:00:00.000;Mål;86.0;OK;24;0;8;345261;Team TeVe;86.0;15810520;4:23:30.5;Mangler -1;0;623699;NOR;1.0;1558100;25:58.1;2:55.0;22.0;2735930;45:35.9;2:50.7;5.0;2189860;36:29.8;4:18.3;8.0;1389830;23:09.8;2:45.1;2.0;1558800;25:58.8;3:10.8;8.0;2180200;36:20.2;5:25.7;13.0;2754000;45:54.0;6:10.7;19.0;1436300;23:56.3;1:56.2;1.0;2165500;36:05.5;5:02.1;9.0;1565600;26:05.6;2:12.2
25;Kristine Hokseng;Øien;0;f;Oppdal IL;NO;Serie;K20-22;00:00:00.000;Mål;86.0;OK;25;0;8;4190020;;86.0;14451000;4:00:51.0;Mangler -1;0;623699;NOR;18.0;1473400;24:33.4;1:30.3;0.0;3130900;52:10.9;9:25.7;0.0;2263620;37:43.6;5:32.1;9.0;1385900;23:05.9;2:41.2;18.0;1457600;24:17.6;1:29.6;13.0;2107800;35:07.8;4:13.3;9.0;2848300;47:28.3;7:45.0;4.0;1540000;25:40.0;3:39.9;13.0;2038400;33:58.4;2:55.0;2.0;1599600;26:39.6;2:46.2
26;Siri;Aas;0;f;Birkenes IL;NO;Serie;K20-22;00:00:00.000;Mål;74.0;OK;26;0;8;694452;Sirdal Ski;74.0;15391190;4:16:31.1;Mangler -1;0;623699;NOR;0.0;1564400;26:04.4;3:01.3;10.0;2973150;49:33.1;6:47.9;4.0;2199550;36:39.5;4:28.0;15.0;1350590;22:30.5;2:05.8;6.0;1540400;25:40.4;2:52.4;7.0;2193300;36:33.3;5:38.8;0.0;2988000;49:48.0;10:04.7;1.0;1571300;26:11.3;4:11.2;16.0;2026600;33:46.6;2:43.2;15.0;1536300;25:36.3;1:42.9
27;Toril Bakka;Nygård;0;f;Haltdalen IL;NO;Serie;K20-22;00:00:00.000;Mål;73.0;OK;27;0;8;4736748;;73.0;15997580;4:26:37.5;Mangler -1;0;623699;NOR;0.0;1591400;26:31.4;3:28.3;4.0;3002980;50:02.9;7:17.7;0.0;2292550;38:12.5;6:01.0;6.0;1406200;23:26.2;3:01.5;12.0;1499600;24:59.6;2:11.6;16.0;2086800;34:46.8;3:52.3;11.0;2843100;47:23.1;7:39.8;10.0;1497300;24:57.3;2:57.2;8.0;2074200;34:34.2;3:30.8;6.0;1587400;26:27.4;2:34.0
28;Benedicte Stien;Schreiner;0;f;Skonseng UL;NO;Serie;K20-22;00:00:00.000;Mål;69.0;OK;28;0;8;694845;;69.0;15436050;4:17:16.0;Mangler -1;0;623699;NOR;9.0;1517600;25:17.6;2:14.5;1.0;3048340;50:48.3;8:03.1;11.0;2137980;35:37.9;3:26.4;10.0;1383030;23:03.0;2:38.3;19.0;1447000;24:07.0;1:19.0;14.0;2103300;35:03.3;4:08.8;;;;;;;;;0.0;2207300;36:47.3;5:43.9;5.0;1591500;26:31.5;2:38.1
29;Stina;Brattegard;0;f;Ål Skiskyttarlag;NO;Serie;K20-22;00:00:00.000;Mål;62.0;OK;29;0;8;694726;Team Woodcon;62.0;14783630;4:06:23.6;Mangler -1;0;623699;NOR;12.0;1508600;25:08.6;2:05.5;7.0;2989960;49:49.9;7:04.7;12.0;2129310;35:29.3;3:17.8;1.0;1442560;24:02.5;3:37.8;0.0;1604700;26:44.7;3:56.7;0.0;2388300;39:48.3;8:53.8;0.0;2926100;48:46.1;9:02.8;15.0;1473800;24:33.8;2:33.7;14.0;2033100;33:53.1;2:49.7;1.0;1601600;26:41.6;2:48.2
30;Marthe;Dehn;0;f;Bærums Skiklub;NO;Serie;K20-22;00:00:00.000;Mål;61.0;OK;30;0;8;431733;Holmenkollen Biathlon;61.0;15565470;4:19:25.4;Mangler -1;0;623699;NOR;5.0;1543200;25:43.2;2:40.1;0.0;3108090;51:48.0;9:02.8;13.0;2129090;35:29.0;3:17.5;12.0;1370890;22:50.8;2:26.1;0.0;1747400;29:07.4;6:19.4;4.0;2264700;37:44.7;6:50.2;0.0;2899000;48:19.0;8:35.7;9.0;1497700;24:57.7;2:57.6;5.0;2110000;35:10.0;4:06.6;13.0;1541800;25:41.8;1:48.4
31;Ine;Skjellum;0;f;Søndre Ål Sportsklubb;NO;Serie;K20-22;00:00:00.000;Mål;55.0;OK;31;0;4;3033332;Team Lygna skiskyting;55.0;8596020;2:23:16.0;Mangler 3;0;623699;NOR;21.0;1458700;24:18.7;1:15.6;14.0;2874820;47:54.8;5:09.6;;;;;;;;;;;;;;;;;20.0;2690800;44:50.8;5:07.5;0.0;1571700;26:11.7;4:11.6;;;;;;;;
32;Ingrid Stølan;Husøy;0;f;Molde og Omegn IF;NO;Serie;K20-22;00:00:00.000;Mål;51.0;OK;32;0;8;4077222;Trondheim Biathlon Team;51.0;16291800;4:31:31.8;Mangler -1;0;623699;NOR;0.0;1594400;26:34.4;3:31.3;0.0;3202880;53:22.8;10:37.6;0.0;2293300;38:13.3;6:01.8;5.0;1406320;23:26.3;3:01.6;11.0;1502200;25:02.2;2:14.2;5.0;2229000;37:09.0;6:14.5;18.0;2702600;45:02.6;5:19.3;0.0;1619800;26:59.8;4:59.7;9.0;2058600;34:18.6;3:15.2;3.0;1595800;26:35.8;2:42.4
33;Marte Eriksen;Hensema;0;f;Bødalen IF;NO;Serie;K20-22;00:00:00.000;Mål;47.0;OK;33;0;7;5774800;;47.0;14289550;3:58:09.5;21:18.570;0;623699;NOR;;;;;;;;;0.0;2568550;42:48.5;10:37.0;;;;;5.0;1543600;25:43.6;2:55.6;9.0;2165300;36:05.3;5:10.8;10.0;2843700;47:23.7;7:40.4;11.0;1483700;24:43.7;2:43.6;4.0;2112400;35:12.4;4:09.0;8.0;1572300;26:12.3;2:18.9
34;Tori;Angell;0;f;Odda IL;NO;Serie;K20-22;00:00:00.000;Mål;36.0;OK;34;0;7;813151;Team Glalaks;36.0;14601470;4:03:21.4;26:30.490;0;623699;NOR;4.0;1548300;25:48.3;2:45.2;0.0;3137650;52:17.6;9:32.4;17.0;2080630;34:40.6;2:29.1;0.0;1850990;30:50.9;10:26.2;9.0;1506200;25:06.2;2:18.2;0.0;0;0:00.0;30:54.5;6.0;2879300;47:59.3;8:16.0;0.0;1598400;26:38.4;4:38.3;0.0;2305900;38:25.9;7:22.5;0.0;1647100;27:27.1;3:33.7
35;Sanna;Bjørkli;0;f;Froland IL;NO;Serie;K20-22;00:00:00.000;Mål;36.0;OK;35;0;8;4132500;Sirdal Ski;36.0;16616210;4:36:56.2;Mangler -1;0;623699;NOR;0.0;1625600;27:05.6;4:02.5;0.0;3208910;53:28.9;10:43.7;0.0;2302790;38:22.7;6:11.2;0.0;1462410;24:22.4;3:57.7;16.0;1469300;24:29.3;1:41.3;12.0;2127600;35:27.6;4:33.1;0.0;2915200;48:35.2;8:51.9;8.0;1504400;25:04.4;3:04.3;0.0;2197600;36:37.6;5:34.2;0.0;1716900;28:36.9;4:43.5
36;Synne Håstul;Flom;0;f;Drangedal Idrettslag - Skiskyting;NO;Serie;K20-22;00:00:00.000;Mål;35.0;OK;36;0;8;2965231;Team TeVe;35.0;16475220;4:34:35.2;Mangler -1;0;623699;NOR;6.0;1541700;25:41.7;2:38.6;6.0;2990280;49:50.2;7:05.0;14.0;2122440;35:22.4;3:10.9;0.0;1497800;24:57.8;4:33.1;0.0;1573900;26:13.9;3:25.9;0.0;2347500;39:07.5;8:13.0;4.0;2883600;48:03.6;8:20.3;5.0;1518000;25:18.0;3:17.9;0.0;2243100;37:23.1;6:19.7;0.0;1652600;27:32.6;3:39.2
37;Dorthe Storvik;Martinussen;0;f;Fossum IF;NO;Serie;K20-22;00:00:00.000;Mål;32.0;OK;37;0;8;652790;Holmenkollen Biathlon;32.0;17118760;4:45:18.7;Mangler -1;0;623699;NOR;0.0;1637300;27:17.3;4:14.2;0.0;3428680;57:08.6;14:23.4;0.0;2368580;39:28.5;7:17.0;0.0;1471670;24:31.6;4:06.9;8.0;1525900;25:25.9;2:37.9;6.0;2194400;36:34.4;5:39.9;7.0;2863900;47:43.9;8:00.6;7.0;1506700;25:06.7;3:06.6;0.0;2296000;38:16.0;7:12.6;4.0;1593300;26:33.3;2:39.9
38;Marit;Øygard;0;f;Skrautvål IL;NO;Serie;K20-22;00:00:00.000;Mål;20.0;OK;38;0;2;4004185;Team Maxim;20.0;4468080;1:14:28.0;Mangler 5;0;623699;NOR;8.0;1518400;25:18.4;2:15.3;12.0;2949680;49:09.6;6:24.4;;;;;;;;;;;;;;;;;;;;;;;;;;;;;;;;
39;Anja;Fischer;0;f;Sveits;CH;Serie;K20-22;00:00:00.000;Mål;17.0;OK;39;0;2;5481916;;17.0;3694100;1:01:34.1;Mangler 5;0;623699;SUI;;;;;;;;;;;;;;;;;7.0;1534500;25:34.5;2:46.5;10.0;2159600;35:59.6;5:05.1;;;;;;;;;;;;;;;;
40;Ida Baasland;Solbjørg;0;f;Moi IL;NO;Serie;K20-22;00:00:00.000;Mål;12.0;OK;40;0;8;4770519;Sirdal Ski;12.0;17059770;4:44:19.7;Mangler -1;0;623699;NOR;0.0;1584500;26:24.5;3:21.4;0.0;3403500;56:43.5;13:58.3;1.0;2242340;37:22.3;5:10.8;0.0;1500330;25:00.3;4:35.6;1.0;1561000;26:01.0;3:13.0;2.0;2297700;38:17.7;7:23.2;8.0;2858200;47:38.2;7:54.9;0.0;1612200;26:52.2;4:52.1;0.0;2417500;40:17.5;9:14.1;0.0;1749700;29:09.7;5:16.3
41;Mina de Lange;Claussen;0;f;Bærums Skiklub;NO;Serie;K20-22;00:00:00.000;Mål;9.0;OK;41;0;8;2132688;Holmenkollen Biathlon;9.0;16181020;4:29:41.0;Mangler -1;0;623699;NOR;0.0;1595000;26:35.0;3:31.9;5.0;2997000;49:57.0;7:11.8;3.0;2205570;36:45.5;4:34.0;0.0;1444950;24:04.9;3:40.2;0.0;1673300;27:53.3;5:05.3;1.0;2319300;38:39.3;7:44.8;;;;;0.0;1660800;27:40.8;5:40.7;0.0;2285100;38:05.1;7:01.7;0.0;1605400;26:45.4;2:52.0
42;Katarina;Aarseth;0;f;Hålandsdal IL;NO;Serie;K20-22;00:00:00.000;Mål;9.0;OK;42;0;6;694860;Team Glalaks;9.0;12065090;3:21:05.0;Mangler 1;0;623699;NOR;;;;;;;;;0.0;2318300;38:38.3;6:26.8;3.0;1422990;23:42.9;3:18.2;0.0;1583900;26:23.9;3:35.9;3.0;2279600;37:59.6;7:05.1;0.0;2918800;48:38.8;8:55.5;3.0;1541500;25:41.5;3:41.4;;;;;;;;
43;Maren;Bjørken;0;f;Stiklestad IL;NO;Serie;K20-22;00:00:00.000;Mål;5.0;OK;43;0;8;694865;Steinkjer vgs;5.0;17238010;4:47:18.0;Mangler -1;0;623699;NOR;0.0;1678000;27:58.0;4:54.9;0.0;3266140;54:26.1;11:40.9;0.0;2359850;39:19.8;7:08.3;0.0;1532120;25:32.1;5:07.4;4.0;1553600;25:53.6;3:05.6;0.0;2346100;39:06.1;8:11.6;1.0;2895900;48:15.9;8:32.6;0.0;1606300;26:46.3;4:46.2;0.0;2304300;38:24.3;7:20.9;0.0;1755100;29:15.1;5:21.7
44;Amalie Kristine;Triumf;0;f;Nordreisa IL;NO;Serie;K20-22;00:00:00.000;Mål;4.0;OK;44;0;4;941444;Team Arctic Biathlon;4.0;8515170;2:21:55.1;Mangler 3;0;623699;NOR;0.0;1689000;28:09.0;5:05.9;0.0;3152270;52:32.2;9:47.0;0.0;2255030;37:35.0;5:23.5;4.0;1418870;23:38.8;3:14.1;;;;;;;;;;;;;;;;;;;;;;;;
45;Vibeke Kvistad;Dengerud;0;f;Steinkjer Skiklubb;NO;Serie;K20-22;00:00:00.000;Mål;3.0;OK;45;0;6;941153;Steinkjer vgs;3.0;13276000;3:41:16.0;Mangler 1;0;623699;NOR;;;;;;;;;0.0;2421300;40:21.3;8:09.8;0.0;1546200;25:46.2;5:21.5;0.0;1586600;26:26.6;3:38.6;0.0;2508400;41:48.4;10:53.9;3.0;2884000;48:04.0;8:20.7;;;;;0.0;2329500;38:49.5;7:46.1;;;;
46;Kristin;Mestad;0;f;Torridal IL - skiskyting;NO;Serie;K20-22;00:00:00.000;Mål;0.0;OK;46;0;8;4205060;Sirdal Ski;0.0;17564210;4:52:44.2;Mangler -1;0;623699;NOR;0.0;1620500;27:00.5;3:57.4;0.0;3147280;52:27.2;9:42.0;0.0;2496570;41:36.5;9:25.0;0.0;1514260;25:14.2;4:49.5;0.0;1633800;27:13.8;4:25.8;0.0;2425900;40:25.9;9:31.4;0.0;3077600;51:17.6;11:34.3;0.0;1648300;27:28.3;5:28.2;0.0;2542400;42:22.4;11:19.0;0.0;1770800;29:30.8;5:37.4
47;Sofie Bergan;Bjaadal;0;f;Lier IL;NO;Serie;K20-22;00:00:00.000;Mål;0.0;OK;46;0;8;2271013;Team Kongsberg;0.0;18213300;5:03:33.3;Mangler -1;0;623699;NOR;0.0;1663200;27:43.2;4:40.1;0.0;3406350;56:46.3;14:01.1;0.0;2448210;40:48.2;8:36.7;0.0;1562140;26:02.1;5:37.4;0.0;1638300;27:18.3;4:30.3;0.0;2876200;47:56.2;17:01.7;0.0;2911600;48:31.6;8:48.3;0.0;1707300;28:27.3;6:27.2;0.0;2777800;46:17.8;15:14.4;0.0;1788600;29:48.6;5:55.2
48;Kristel;Haltbrekken;0;f;Steinkjer Skiklubb;NO;Serie;K20-22;00:00:00.000;Mål;0.0;OK;46;0;8;4151195;Steinkjer vgs;0.0;18746570;5:12:26.5;Mangler -1;0;623699;NOR;0.0;1696500;28:16.5;5:13.4;0.0;3710960;1:01:50.9;19:05.7;0.0;2591720;43:11.7;11:00.2;0.0;1473490;24:33.4;4:08.7;0.0;1700200;28:20.2;5:32.2;0.0;2716200;45:16.2;14:21.7;0.0;3215400;53:35.4;13:52.1;0.0;1642100;27:22.1;5:22.0;0.0;2398200;39:58.2;8:54.8;0.0;1746000;29:06.0;5:12.6
49;Ingvild Tronstad;ANDERSEN;0;f;IL Bevern;NO;Serie;K20-22;00:00:00.000;Mål;0.0;OK;46;0;1;3649571;Team Kongsberg;0.0;3231830;53:51.8;Mangler 6;0;623699;NOR;;;;;0.0;3231830;53:51.8;11:06.6;;;;;;;;;;;;;;;;;;;;;;;;;;;;;;;;
50;Emma Krogh;Pedersen;0;f;Nordkyn IL;NO;Serie;K20-22;00:00:00.000;Mål;0.0;OK;46;0;3;2821543;Team Arctic Biathlon;0.0;6225430;1:43:45.4;Mangler 4;0;623699;NOR;;;;;;;;;0.0;2316540;38:36.5;6:25.0;0.0;1586590;26:26.5;6:01.8;;;;;;;;;;;;;;;;;0.0;2322300;38:42.3;7:38.9;;;;
51;Maria Felicia Eide;Kaasbøll;0;f;Trondhjems Skiskyttere;NO;Serie;K20-22;00:00:00.000;Mål;0.0;OK;46;0;6;5774343;;0.0;12970940;3:36:10.9;Mangler 1;0;623699;NOR;;;;;;;;;0.0;2409710;40:09.7;7:58.2;0.0;1492330;24:52.3;4:27.6;;;;;;;;;0.0;3012700;50:12.7;10:29.4;0.0;1716500;28:36.5;6:36.4;0.0;2498700;41:38.7;10:35.3;0.0;1841000;30:41.0;6:47.6
52;Sofia;Heim;0;f;Tromsø Skiskytterlag;NO;Serie;K20-22;00:00:00.000;Mål;0.0;OK;46;0;8;852935;;0.0;17965660;4:59:25.6;Mangler -1;0;623699;NOR;;;;;;;;;0.0;2614040;43:34.0;11:22.5;0.0;1742820;29:02.8;8:38.1;0.0;1793700;29:53.7;7:05.7;0.0;2854200;47:34.2;16:39.7;0.0;3200300;53:20.3;13:37.0;0.0;1720800;28:40.8;6:40.7;0.0;2358100;39:18.1;8:14.7;0.0;1681700;28:01.7;4:08.3
53;Ingvild;Røstad;0;f;Stiklestad IL;NO;Serie;K20-22;00:00:00.000;Mål;0.0;OK;46;0;8;694850;;0.0;17530580;4:52:10.5;Mangler -1;0;623699;NOR;;;;;;;;;0.0;2631640;43:51.6;11:40.1;0.0;1570040;26:10.0;5:45.3;0.0;1663000;27:43.0;4:55.0;0.0;2621900;43:41.9;12:47.4;0.0;3128800;52:08.8;12:25.5;0.0;1713800;28:33.8;6:33.7;0.0;2327700;38:47.7;7:44.3;0.0;1873700;31:13.7;7:20.3
54;Ingeborg;Heggdal;0;f;Molde og Omegn IF;NO;Serie;K20-22;00:00:00.000;Mål;0.0;OK;46;0;2;4736497;Trondheim Biathlon Team;0.0;4512530;1:15:12.5;Mangler 5;0;623699;NOR;;;;;;;;;0.0;2711500;45:11.5;13:00.0;0.0;1801030;30:01.0;9:36.3;;;;;;;;;;;;;;;;;;;;;;;;
55;Qi;Ran;0;f;Team China/NTG Lillehammer;NO;Serie;K20-22;00:00:00.000;Mål;0.0;OK;46;0;3;5780933;Team China;0.0;6221110;1:43:41.1;Mangler 4;0;623699;NOR;;;;;;;;;;;;;0.0;1598910;26:38.9;6:14.2;;;;;;;;;0.0;2975700;49:35.7;9:52.4;0.0;1646500;27:26.5;5:26.4;;;;;;;;
56;Vilde Hagen;Friis;0;f;Ål Skiskyttarlag;NO;Serie;K20-22;00:00:00.000;Mål;0.0;OK;46;0;2;4080649;;0.0;3853600;1:04:13.6;Mangler 5;0;623699;NOR;;;;;;;;;;;;;;;;;;;;;;;;;;;;;;;;;0.0;2212300;36:52.3;5:48.9;0.0;1641300;27:21.3;3:27.9
57;Vetle Rype;Paulsen;0;m;Lier IL;NO;Serie;M20-22;00:00:00.000;Mål;301.0;OK;1;0;8;4188653;;301.0;15574810;4:19:34.8;0:00.000;0;623700;NOR;36.0;1555300;25:55.3;0:56.1;45.0;2620130;43:40.1;0:50.3;32.0;2075700;34:35.7;1:14.1;40.0;1319880;21:59.8;0:11.4;;;;;;;;;24.0;2802200;46:42.2;1:39.9;50.0;1582000;26:22.0;0:00.0;50.0;2115000;35:15.0;0:00.0;24.0;1504600;25:04.6;0:53.7
58;Jørgen Solhaug;Sæter;0;m;Os IL;NO;Serie;M20-22;00:00:00.000;Mål;266.0;OK;2;0;8;415168;;266.0;15672810;4:21:12.8;1:38.000;0;623700;NOR;26.0;1570100;26:10.1;1:10.9;40.0;2629030;43:49.0;0:59.2;45.0;2047510;34:07.5;0:45.9;50.0;1308470;21:48.4;0:00.0;;;;;;;;;29.0;2770400;46:10.4;1:08.1;32.0;1642600;27:22.6;1:00.6;18.0;2209100;36:49.1;1:34.1;26.0;1495600;24:55.6;0:44.7
59;Fredrik;Bucher-Johannessen;0;m;Try, Idrettslaget;NO;Serie;M20-22;00:00:00.000;Mål;259.0;OK;3;0;8;634400;Holmenkollen Biathlon;259.0;15703070;4:21:43.0;2:08.260;0;623700;NOR;40.0;1528200;25:28.2;0:29.0;36.0;2667560;44:27.5;1:37.7;50.0;2001690;33:21.6;0:00.0;16.0;1393120;23:13.1;1:24.7;;;;;;;;;40.0;2754700;45:54.7;0:52.4;29.0;1659800;27:39.8;1:17.8;36.0;2154600;35:54.6;0:39.6;12.0;1543400;25:43.4;1:32.5
60;Eirik Kjøl;Tornes;0;m;Molde og Omegn IF;NO;Serie;M20-22;00:00:00.000;Mål;247.0;OK;4;0;8;925168;Team Hugaas;247.0;15089040;4:11:29.0;8:05.770;0;623700;NOR;0.0;1724400;28:44.4;3:45.2;19.0;2796690;46:36.6;3:46.8;16.0;2175180;36:15.1;2:53.5;45.0;1317470;21:57.4;0:09.0;45.0;1337300;22:17.3;0:10.9;40.0;2113800;35:13.8;0:44.2;0.0;3135200;52:15.2;7:12.9;45.0;1608400;26:48.4;0:26.4;19.0;2209000;36:49.0;1:34.0;18.0;1531200;25:31.2;1:20.3
61;Eirik Silsand;Gerhardsen;0;m;Tromsø Skiskytterlag;NO;Serie;M20-22;00:00:00.000;Mål;243.0;OK;5;0;8;694606;Team Arctic Biathlon;243.0;15896660;4:24:56.6;5:21.850;0;623700;NOR;32.0;1557800;25:57.8;0:58.6;22.0;2745260;45:45.2;2:55.4;14.0;2180650;36:20.6;2:59.0;;;;;17.0;1409400;23:29.4;1:23.0;29.0;2164900;36:04.9;1:35.3;36.0;2761200;46:01.2;0:58.9;36.0;1630100;27:10.1;0:48.1;26.0;2177000;36:17.0;1:02.0;45.0;1451000;24:11.0;0:00.1
62;Johan-Olav Smørdal;Botn;0;m;Stårheim IL;NO;Serie;M20-22;00:00:00.000;Mål;235.0;OK;6;0;8;5582240;Team Hugaas;235.0;14440290;4:00:40.2;18:54.520;0;623700;NOR;15.0;1624400;27:04.4;2:05.2;15.0;2888170;48:08.1;5:18.3;21.0;2139110;35:39.1;2:17.5;32.0;1334080;22:14.0;0:25.6;19.0;1400900;23:20.9;1:14.5;45.0;2091900;34:51.9;0:22.3;50.0;2702300;45:02.3;0:00.0;24.0;1668700;27:48.7;1:26.7;15.0;2213500;36:53.5;1:38.5;29.0;1478900;24:38.9;0:28.0
63;Mats;Øverby;0;m;Lier IL;NO;Serie;M20-22;00:00:00.000;Mål;223.0;OK;7;0;8;382023;Team Woodcon;223.0;15712690;4:21:52.6;2:17.880;0;623700;NOR;0.0;1728900;28:48.9;3:49.7;26.0;2716320;45:16.3;2:26.5;0.0;2284020;38:04.0;4:42.4;21.0;1380870;23:00.8;1:12.4;40.0;1354300;22:34.3;0:27.9;50.0;2069600;34:29.6;0:00.0;45.0;2705600;45:05.6;0:03.3;5.0;1761200;29:21.2;2:59.2;22.0;2187200;36:27.2;1:12.2;14.0;1537600;25:37.6;1:26.7
64;Jørgen Brendengen;Krogsæter;0;m;Ullensaker Skiklubb;NO;Serie;M20-22;00:00:00.000;Mål;220.0;OK;8;0;8;1428544;;220.0;15979910;4:26:19.9;6:45.100;0;623700;NOR;20.0;1602400;26:42.4;1:43.2;50.0;2569870;42:49.8;0:00.0;2.0;2248850;37:28.8;4:07.2;26.0;1357490;22:37.4;0:49.0;;;;;;;;;14.0;2923000;48:43.0;3:40.7;26.0;1668100;27:48.1;1:26.1;32.0;2159300;35:59.3;0:44.3;50.0;1450900;24:10.9;0:00.0
65;Håvard Kne;Galåen;0;m;Røros IL;NO;Serie;M20-22;00:00:00.000;Mål;201.0;OK;9;0;8;426677;Trondheim Biathlon Team;201.0;14603530;4:03:23.5;16:11.280;0;623700;NOR;18.0;1610100;26:50.1;1:50.9;16.0;2824680;47:04.6;4:14.8;26.0;2111740;35:11.7;1:50.1;20.0;1382890;23:02.8;1:14.4;36.0;1363600;22:43.6;0:37.2;26.0;2167700;36:07.7;1:38.1;22.0;2832200;47:12.2;2:09.9;21.0;1669600;27:49.6;1:27.6;17.0;2212300;36:52.3;1:37.3;32.0;1465700;24:25.7;0:14.8
66;Trygve Bondhus;OFTEN;0;m;Tynset IF;NO;Serie;M20-22;00:00:00.000;Mål;200.0;OK;10;0;8;986592;Team Woodcon;200.0;15059540;4:10:59.5;8:35.270;0;623700;NOR;19.0;1603900;26:43.9;1:44.7;29.0;2705110;45:05.1;2:15.3;29.0;2076660;34:36.6;1:15.0;24.0;1366770;22:46.7;0:58.3;26.0;1375200;22:55.2;0:48.8;22.0;2181400;36:21.4;1:51.8;18.0;2875900;47:55.9;2:53.6;20.0;1670200;27:50.2;1:28.2;29.0;2174700;36:14.7;0:59.7;21.0;1509500;25:09.5;0:58.6
67;Vebjørn;Sørum;0;m;Søndre Ål Sportsklubb;NO;Serie;M20-22;00:00:00.000;Mål;193.0;OK;11;0;5;1625378;;193.0;8534860;2:22:14.8;Mangler 3;0;623700;NOR;45.0;1521900;25:21.9;0:22.7;;;;;36.0;2064400;34:24.4;1:02.8;36.0;1331760;22:11.7;0:23.3;;;;;;;;;;;;;;;;;40.0;2153500;35:53.5;0:38.5;36.0;1463300;24:23.3;0:12.4
68;Dag Sander;Bjørndalen;0;m;Simostranda IL;NO;Serie;M20-22;00:00:00.000;Mål;182.0;OK;12;0;8;1948945;Team Geilo;182.0;14779690;4:06:19.6;13:15.120;0;623700;NOR;12.0;1647800;27:27.8;2:28.6;14.0;2892310;48:12.3;5:22.5;0.0;2305000;38:25.0;5:03.4;22.0;1367580;22:47.5;0:59.1;50.0;1326400;22:06.4;0:00.0;32.0;2137000;35:37.0;1:07.4;8.0;2992900;49:52.9;4:50.6;18.0;1682600;28:02.6;1:40.6;24.0;2181000;36:21.0;1:06.0;10.0;1545000;25:45.0;1:34.1
69;Simen Eliassen;Kvarme;0;m;Steinkjer Skiklubb;NO;Serie;M20-22;00:00:00.000;Mål;179.0;OK;13;0;8;941163;Steinkjer vgs;179.0;16948040;4:42:28.0;22:53.230;0;623700;NOR;16.0;1616300;26:56.3;1:57.1;21.0;2760440;46:00.4;3:10.6;24.0;2122600;35:22.6;2:01.0;12.0;1401730;23:21.7;1:33.3;14.0;1415700;23:35.7;1:29.3;15.0;2229500;37:09.5;2:39.9;19.0;2854100;47:34.1;2:31.8;17.0;1706500;28:26.5;2:04.5;45.0;2150600;35:50.6;0:35.6;22.0;1508000;25:08.0;0:57.1
70;Filip Fjeld;ANDERSEN;0;m;Geilo IL;NO;Serie;M20-22;00:00:00.000;Mål;151.0;OK;14;0;6;1778366;;151.0;12530360;3:28:50.3;Mangler 2;0;623700;NOR;21.0;1584900;26:24.9;1:25.7;20.0;2765760;46:05.7;3:15.9;;;;;;;;;;;;;;;;;20.0;2849500;47:29.5;2:27.2;40.0;1629100;27:09.1;0:47.1;10.0;2245700;37:25.7;2:10.7;40.0;1455400;24:15.4;0:04.5
71;Øyvind Rikheim;Haugan;0;m;Try, Idrettslaget;NO;Serie;M20-22;00:00:00.000;Mål;123.0;OK;15;0;7;391191;Holmenkollen Biathlon;123.0;13131290;3:38:51.2;Mangler 1;0;623700;NOR;24.0;1574600;26:14.6;1:15.4;17.0;2824000;47:04.0;4:14.2;40.0;2049310;34:09.3;0:47.7;29.0;1351780;22:31.7;0:43.3;7.0;1430700;23:50.7;1:44.3;;;;;;;;;;;;;6.0;2287800;38:07.8;2:52.8;0.0;1613100;26:53.1;2:42.2
72;Vegar Horneberg;Selnæs;0;m;Trondhjems Skiskyttere;NO;Serie;M20-22;00:00:00.000;Mål;112.0;OK;16;0;8;311172;Trondheim Biathlon Team;112.0;14921510;4:08:41.5;10:53.300;0;623700;NOR;17.0;1610400;26:50.4;1:51.2;0.0;3169510;52:49.5;9:59.7;9.0;2216560;36:56.5;3:34.9;11.0;1403450;23:23.4;1:35.0;9.0;1427800;23:47.8;1:41.4;14.0;2231700;37:11.7;2:42.1;26.0;2800700;46:40.7;1:38.4;19.0;1670900;27:50.9;1:28.9;0.0;2338300;38:58.3;3:43.3;7.0;1560000;26:00.0;1:49.1
73;Martin Øyen;Tøraasen;0;m;Folldal IF;NO;Serie;M20-22;00:00:00.000;Mål;111.0;OK;17;0;8;694620;Team Hugaas;111.0;16888020;4:41:28.0;21:53.210;0;623700;NOR;0.0;1739200;28:59.2;4:00.0;32.0;2704520;45:04.5;2:14.7;20.0;2148100;35:48.1;2:26.5;10.0;1403800;23:23.8;1:35.4;13.0;1419900;23:39.9;1:33.5;11.0;2243200;37:23.2;2:53.6;4.0;3027900;50:27.9;5:25.6;0.0;1808800;30:08.8;3:46.8;21.0;2201400;36:41.4;1:26.4;0.0;1584300;26:24.3;2:13.4
74;Magnus;Horten;0;m;Os IL;NO;Serie;M20-22;00:00:00.000;Mål;108.0;OK;18;0;7;426679;Team Hugaas;108.0;14221490;3:57:01.4;Mangler 1;0;623700;NOR;;;;;;;;;22.0;2129190;35:29.1;2:07.5;;;;;10.0;1423300;23:43.3;1:36.9;21.0;2191900;36:31.9;2:02.3;17.0;2904200;48:24.2;3:21.9;15.0;1719300;28:39.3;2:17.3;3.0;2325900;38:45.9;3:30.9;20.0;1527700;25:27.7;1:16.8
75;Trym;Paulsen;0;m;Skonseng UL;NO;Serie;M20-22;00:00:00.000;Mål;106.0;OK;19;0;8;4083331;Team Arctic Biathlon;106.0;17256450;4:47:36.4;28:01.640;0;623700;NOR;11.0;1652000;27:32.0;2:32.8;11.0;2911270;48:31.2;5:41.4;18.0;2157820;35:57.8;2:36.2;13.0;1398460;23:18.4;1:30.0;2.0;1444500;24:04.5;1:58.1;20.0;2209100;36:49.1;2:19.5;16.0;2905000;48:25.0;3:22.7;10.0;1739200;28:59.2;2:37.2;7.0;2283600;38:03.6;2:48.6;2.0;1581000;26:21.0;2:10.1
76;Øystein;Markegård;0;m;Geilo IL;NO;Serie;M20-22;00:00:00.000;Mål;98.0;OK;20;0;8;2119822;Team Geilo;98.0;16431610;4:33:51.6;14:16.800;0;623700;NOR;2.0;1692100;28:12.1;3:12.9;8.0;3002040;50:02.0;7:12.2;15.0;2176880;36:16.8;2:55.2;15.0;1394490;23:14.4;1:26.0;21.0;1389600;23:09.6;1:03.2;36.0;2124600;35:24.6;0:55.0;0.0;3070200;51:10.2;6:07.9;0.0;1861200;31:01.2;4:39.2;0.0;2342200;39:02.2;3:47.2;1.0;1581700;26:21.7;2:10.8
77;Øyvind Aalling;Lio;0;m;Bjerke IL Ski;NO;Serie;M20-22;00:00:00.000;Mål;93.0;OK;21;0;5;1948991;Team Geilo;93.0;10303400;2:51:43.4;Mangler 3;0;623700;NOR;;;;;;;;;;;;;;;;;32.0;1366600;22:46.6;0:40.2;24.0;2180600;36:20.6;1:51.0;9.0;2988000;49:48.0;4:45.7;0.0;0;0:00.0;26:22.0;12.0;2232200;37:12.2;1:57.2;16.0;1536000;25:36.0;1:25.1
78;Mathias;Skrede;0;m;Geilo IL;NO;Serie;M20-22;00:00:00.000;Mål;91.0;OK;22;0;8;677695;Team Geilo;91.0;16491440;4:34:51.4;15:16.630;0;623700;NOR;1.0;1695000;28:15.0;3:15.8;18.0;2805810;46:45.8;3:56.0;1.0;2253120;37:33.1;4:11.5;18.0;1390910;23:10.9;1:22.5;16.0;1411400;23:31.4;1:25.0;13.0;2232200;37:12.2;2:42.6;10.0;2983500;49:43.5;4:41.2;14.0;1719500;28:39.5;2:17.5;0.0;2366400;39:26.4;4:11.4;0.0;1658600;27:38.6;3:27.7
79;Ånon;Flåta;0;m;Gjerstad IL;NO;Serie;M20-22;00:00:00.000;Mål;90.0;OK;23;0;8;694765;Sirdal Ski;90.0;16707420;4:38:27.4;18:52.610;0;623700;NOR;0.0;1708400;28:28.4;3:29.2;10.0;2920920;48:40.9;5:51.1;;;;;;;;;1.0;1455300;24:15.3;2:08.9;17.0;2227400;37:07.4;2:37.8;36.0;2761200;46:01.2;0:58.9;0.0;1843200;30:43.2;4:21.2;9.0;2258800;37:38.8;2:23.8;17.0;1532200;25:32.2;1:21.3
80;Truls Fjellheim;JORDE;0;m;Asker Skiklubb;NO;Serie;M20-22;00:00:00.000;Mål;84.0;OK;24;0;4;676245;;84.0;7854170;2:10:54.1;Mangler 4;0;623700;NOR;22.0;1583800;26:23.8;1:24.6;24.0;2730810;45:30.8;2:41.0;19.0;2150120;35:50.1;2:28.5;19.0;1389440;23:09.4;1:21.0;;;;;;;;;;;;;;;;;;;;;;;;
81;Sivert;Bekken;0;m;Kvikne IL;NO;Serie;M20-22;00:00:00.000;Mål;84.0;OK;25;0;8;2275672;;84.0;15812910;4:23:32.9;3:58.100;0;623700;NOR;13.0;1640100;27:20.1;2:20.9;1.0;3052200;50:52.2;8:02.4;10.0;2212670;36:52.6;3:31.0;1.0;1471140;24:31.1;2:42.7;22.0;1388800;23:08.8;1:02.4;18.0;2224600;37:04.6;2:35.0;0.0;3306700;55:06.7;10:04.4;0.0;1780000;29:40.0;3:18.0;8.0;2278700;37:58.7;2:43.7;11.0;1544700;25:44.7;1:33.8
82;Anders Sønsteby;Flaagen;0;m;Søndre Ål Sportsklubb;NO;Serie;M20-22;00:00:00.000;Mål;77.0;OK;26;0;8;4703956;;77.0;15793590;4:23:13.5;3:38.780;0;623700;NOR;4.0;1690600;28:10.6;3:11.4;0.0;3090520;51:30.5;8:40.7;4.0;2245520;37:25.5;4:03.9;17.0;1392570;23:12.5;1:24.1;15.0;1415500;23:35.5;1:29.1;16.0;2228700;37:08.7;2:39.1;6.0;3011600;50:11.6;5:09.3;0.0;1794100;29:54.1;3:32.1;11.0;2233700;37:13.7;1:58.7;4.0;1575400;26:15.4;2:04.5
83;Isak Nikolai;Hopland;0;m;Hardbagg IL;NO;Serie;M20-22;00:00:00.000;Mål;69.0;OK;27;0;8;1944237;;69.0;17519480;4:51:59.4;32:24.670;0;623700;NOR;;;;;0.0;3097520;51:37.5;8:47.7;0.0;2298980;38:18.9;4:57.3;5.0;1453580;24:13.5;2:25.1;29.0;1371700;22:51.7;0:45.3;9.0;2252800;37:32.8;3:03.2;15.0;2905800;48:25.8;3:23.5;11.0;1730400;28:50.4;2:28.4;0.0;2408700;40:08.7;4:53.7;0.0;1594800;26:34.8;2:23.9
84;Christian;Bucher-Johannessen;0;m;Fossum IF;NO;Serie;M20-22;00:00:00.000;Mål;67.0;OK;28;0;8;431387;Sirdal Ski;67.0;16282480;4:31:22.4;11:47.670;0;623700;NOR;0.0;1715000;28:35.0;3:35.8;0.0;3290680;54:50.6;12:00.8;3.0;2247300;37:27.3;4:05.7;14.0;1398100;23:18.1;1:29.7;18.0;1409100;23:29.1;1:22.7;10.0;2251500;37:31.5;3:01.9;0.0;3069100;51:09.1;6:06.8;6.0;1757400;29:17.4;2:55.4;16.0;2213400;36:53.4;1:38.4;0.0;1733900;28:53.9;4:43.0
85;Simon Hjelmeset;Kirkeeide;0;m;Markane IL;NO;Serie;M20-22;00:00:00.000;Mål;65.0;OK;29;0;8;679924;Team Woodcon;65.0;16206880;4:30:06.8;10:32.070;0;623700;NOR;5.0;1688700;28:08.7;3:09.5;5.0;3041620;50:41.6;7:51.8;6.0;2238710;37:18.7;3:57.1;4.0;1458550;24:18.5;2:30.1;0.0;1473200;24:33.2;2:26.8;5.0;2295400;38:15.4;3:45.8;0.0;3278600;54:38.6;9:36.3;13.0;1721500;28:41.5;2:19.5;14.0;2221100;37:01.1;1:46.1;13.0;1541300;25:41.3;1:30.4
86;Håvard;Mo;0;m;Orkdal IL;NO;Serie;M20-22;00:00:00.000;Mål;57.0;OK;30;0;8;4710971;Team Knyken;57.0;17875340;4:57:55.3;38:20.530;0;623700;NOR;9.0;1653600;27:33.6;2:34.4;13.0;2905900;48:25.9;5:36.1;0.0;2319140;38:39.1;5:17.5;;;;;20.0;1391800;23:11.8;1:05.4;3.0;2330900;38:50.9;4:21.3;0.0;3177500;52:57.5;7:55.2;12.0;1729000;28:49.0;2:27.0;0.0;2367500;39:27.5;4:12.5;0.0;1604300;26:44.3;2:33.4
87;Eivind;Sporaland;0;m;Figgjo IL;NO;Serie;M20-22;00:00:00.000;Mål;57.0;OK;31;0;8;3740349;Team iSandnes;57.0;16930840;4:42:10.8;22:36.030;0;623700;NOR;14.0;1627600;27:07.6;2:08.4;6.0;3004670;50:04.6;7:14.8;0.0;2292550;38:12.5;4:50.9;0.0;1568620;26:08.6;4:20.2;11.0;1422300;23:42.3;1:35.9;19.0;2217600;36:57.6;2:28.0;7.0;2998800;49:58.8;4:56.5;0.0;1798700;29:58.7;3:36.7;0.0;2439400;40:39.4;5:24.4;0.0;1595200;26:35.2;2:24.3
88;Even;Mangset;0;m;MjøsSki;NO;Serie;M20-22;00:00:00.000;Mål;55.0;OK;32;0;8;694571;Team Woodcon;55.0;17820830;4:57:00.8;37:26.020;0;623700;NOR;10.0;1652500;27:32.5;2:33.3;0.0;3215630;53:35.6;10:45.8;8.0;2223680;37:03.6;3:42.0;0.0;1479920;24:39.9;2:51.5;0.0;1460200;24:20.2;2:13.8;12.0;2237700;37:17.7;2:48.1;13.0;2947900;49:07.9;4:05.6;8.0;1748000;29:08.0;2:46.0;4.0;2315500;38:35.5;3:20.5;0.0;1604400;26:44.4;2:33.5
89;Ole Christian;Johnsrud;0;m;Bjerke IL Ski;NO;Serie;M20-22;00:00:00.000;Mål;53.0;OK;33;0;8;4702828;Holmenkollen Biathlon;53.0;16443070;4:34:03.0;14:28.260;0;623700;NOR;;;;;;;;;0.0;2326520;38:46.5;5:24.9;3.0;1468350;24:28.3;2:39.9;24.0;1385400;23:05.4;0:59.0;7.0;2274000;37:54.0;3:24.4;0.0;3139100;52:19.1;7:16.8;10.0;1739200;28:59.2;2:37.2;0.0;2555000;42:35.0;7:20.0;9.0;1555500;25:55.5;1:44.6
90;Eirik;Nome;0;m;Marnardal IL;NO;Serie;M20-22;00:00:00.000;Mål;52.0;OK;34;0;8;694787;Sirdal Ski;52.0;15685880;4:21:25.8;1:51.070;0;623700;NOR;8.0;1665300;27:45.3;2:46.1;0.0;3146530;52:26.5;9:36.7;0.0;2455000;40:55.0;7:33.4;9.0;1412450;23:32.4;1:44.0;0.0;1494900;24:54.9;2:48.5;0.0;2366500;39:26.5;4:56.9;0.0;3056000;50:56.0;5:53.7;16.0;1719200;28:39.2;2:17.2;13.0;2231300;37:11.3;1:56.3;6.0;1561200;26:01.2;1:50.3
91;Sivert Guttorm;Bakken;0;m;Vingrom IL;NO;Serie;M20-22;00:00:00.000;Mål;50.0;OK;35;0;1;694673;;50.0;1499200;24:59.2;Mangler 7;0;623700;NOR;50.0;1499200;24:59.2;0:00.0;;;;;;;;;;;;;;;;;;;;;;;;;;;;;;;;;;;;
92;Thor Arild;Aas;0;m;Birkenes IL;NO;Serie;M20-22;00:00:00.000;Mål;47.0;OK;36;0;7;5802370;Sirdal Ski;47.0;14608170;4:03:28.1;Mangler 1;0;623700;NOR;7.0;1666200;27:46.2;2:47.0;9.0;2975590;49:35.5;6:45.7;17.0;2163660;36:03.6;2:42.0;8.0;1413120;23:33.1;1:44.7;6.0;1437000;23:57.0;1:50.6;0.0;0;0:00.0;34:29.6;0.0;3062100;51:02.1;5:59.8;0.0;1890500;31:30.5;5:08.5;0.0;2412900;40:12.9;4:57.9;0.0;1650500;27:30.5;3:19.6
93;Simen;Hårstad;0;m;Rennebu IL;NO;Serie;M20-22;00:00:00.000;Mål;41.0;OK;37;0;2;382840;Team Hugaas;41.0;4474040;1:14:34.0;Mangler 6;0;623700;NOR;29.0;1566800;26:06.8;1:07.6;12.0;2907240;48:27.2;5:37.4;;;;;;;;;;;;;;;;;;;;;;;;;;;;;;;;
94;Erlend;Bakken;0;m;Markane IL;NO;Serie;M20-22;00:00:00.000;Mål;40.0;OK;38;0;8;721556;;40.0;17364330;4:49:24.3;29:49.520;0;623700;NOR;6.0;1682200;28:02.2;3:03.0;0.0;3137030;52:17.0;9:27.2;0.0;2414030;40:14.0;6:52.4;0.0;1509670;25:09.6;3:21.2;12.0;1420800;23:40.8;1:34.4;0.0;2421000;40:21.0;5:51.4;0.0;3110700;51:50.7;6:48.4;22.0;1668900;27:48.9;1:26.9;0.0;2498600;41:38.6;6:23.6;0.0;1647100;27:27.1;3:16.2
95;Fredrik Arne;Grusd;0;m;Fossum IF;NO;Serie;M20-22;00:00:00.000;Mål;39.0;OK;39;0;4;431544;;39.0;8607500;2:23:27.5;Mangler 4;0;623700;NOR;;;;;;;;;;;;;;;;;;;;;;;;;0.0;3058900;50:58.9;5:56.6;0.0;1816500;30:16.5;3:54.5;20.0;2201600;36:41.6;1:26.6;19.0;1530500;25:30.5;1:19.6
96;Peder;Stalenget;0;m;Tretten Skiskytterlag;NO;Serie;M20-22;00:00:00.000;Mål;36.0;OK;40;0;8;374733;Team Hugaas;36.0;17356890;4:49:16.8;29:42.080;0;623700;NOR;0.0;1753900;29:13.9;4:14.7;0.0;3099000;51:39.0;8:49.2;7.0;2232750;37:12.7;3:51.1;7.0;1430940;23:50.9;2:02.5;;;;;;;;;21.0;2843700;47:23.7;2:21.4;0.0;1989300;33:09.3;6:47.3;1.0;2338200;38:58.2;3:43.2;0.0;1669100;27:49.1;3:38.2
97;Jo Brøste;Nørstegård;0;m;Dombås IL;NO;Serie;M20-22;00:00:00.000;Mål;27.0;OK;41;0;8;2970582;Team Hugaas;27.0;15037400;4:10:37.4;8:57.410;0;623700;NOR;0.0;1717800;28:37.8;3:38.6;;;;;11.0;2208540;36:48.5;3:26.9;0.0;1476960;24:36.9;2:48.5;0.0;1476600;24:36.6;2:30.2;8.0;2256600;37:36.6;3:07.0;;;;;0.0;1790500;29:50.5;3:28.5;0.0;2551200;42:31.2;7:16.2;8.0;1559200;25:59.2;1:48.3
98;Odin;Garli;0;m;Sokna IL;NO;Serie;M20-22;00:00:00.000;Mål;24.0;OK;42;0;7;2223534;Team Hugaas;24.0;15939480;4:25:39.4;Mangler 1;0;623700;NOR;0.0;1739200;28:59.2;4:00.0;0.0;3087040;51:27.0;8:37.2;0.0;2374840;39:34.8;6:13.2;;;;;;;;;;;;;0.0;3150900;52:30.9;7:28.6;4.0;1762100;29:22.1;3:00.1;5.0;2288400;38:08.4;2:53.4;15.0;1537000;25:37.0;1:26.1
99;Magnus Fjerdingen;Moan;0;m;Røros IL;NO;Serie;M20-22;00:00:00.000;Mål;23.0;OK;43;0;4;2118305;Trondheim Biathlon Team;23.0;7411860;2:03:31.8;Mangler 4;0;623700;NOR;;;;;;;;;13.0;2186740;36:26.7;3:05.1;2.0;1470920;24:30.9;2:42.5;4.0;1440500;24:00.5;1:54.1;4.0;2313700;38:33.7;4:04.1;;;;;;;;;0.0;0;0:00.0;35:15.0;;;;
100;Jonas Bogen;Øye;0;m;Trondhjems Skiskyttere;NO;Serie;M20-22;00:00:00.000;Mål;22.0;OK;44;0;8;2118020;;22.0;17079520;4:44:39.5;25:04.710;0;623700;NOR;0.0;1703300;28:23.3;3:24.1;7.0;3004480;50:04.4;7:14.6;0.0;2307240;38:27.2;5:05.6;0.0;1479300;24:39.3;2:50.9;6.0;1437000;23:57.0;1:50.6;6.0;2281500;38:01.5;3:31.9;3.0;3045200;50:45.2;5:42.9;0.0;1821500;30:21.5;3:59.5;0.0;2435800;40:35.8;5:20.8;0.0;0;0:00.0;24:10.9
101;Torje Usland;Dahl;0;m;Marnardal IL;NO;Serie;M20-22;00:00:00.000;Mål;16.0;OK;45;0;8;3740975;Sirdal Ski;16.0;16397830;4:33:17.8;13:43.020;0;623700;NOR;;;;;;;;;0.0;2330470;38:50.4;5:28.8;0.0;1502360;25:02.3;3:13.9;0.0;1459300;24:19.3;2:12.9;1.0;2359200;39:19.2;4:49.6;12.0;2976500;49:36.5;4:34.2;0.0;1834000;30:34.0;4:12.0;0.0;2360500;39:20.5;4:05.5;3.0;1575500;26:15.5;2:04.6
102;Mathias Indrelid;Haugen;0;m;Østre Toten Skilag;NO;Serie;M20-22;00:00:00.000;Mål;12.0;OK;46;0;1;2956470;Team Maxim;12.0;2207680;36:47.6;Mangler 7;0;623700;NOR;;;;;;;;;12.0;2207680;36:47.6;3:26.0;;;;;;;;;;;;;;;;;;;;;;;;;;;;
103;Olav Lanes;Severinsen;0;m;Tromsø Skiskytterlag;NO;Serie;M20-22;00:00:00.000;Mål;12.0;OK;47;0;8;2123020;Team Arctic Biathlon;12.0;17413740;4:50:13.7;30:38.930;0;623700;NOR;0.0;1696800;28:16.8;3:17.6;3.0;3045940;50:45.9;7:56.1;;;;;;;;;0.0;1472400;24:32.4;2:26.0;0.0;2417900;40:17.9;5:48.3;0.0;3064900;51:04.9;6:02.6;7.0;1755400;29:15.4;2:53.4;2.0;2333000;38:53.0;3:38.0;0.0;1627400;27:07.4;2:56.5
104;Axel Kristian;Rundhaug;0;m;Skonseng UL;NO;Serie;M20-22;00:00:00.000;Mål;11.0;OK;48;0;8;941485;;11.0;18032710;5:00:32.7;40:57.900;0;623700;NOR;0.0;1819500;30:19.5;5:20.3;0.0;3136210;52:16.2;9:26.4;;;;;;;;;0.0;1515500;25:15.5;3:09.1;0.0;2518000;41:58.0;7:28.4;11.0;2978800;49:38.8;4:36.5;0.0;1957400;32:37.4;6:15.4;0.0;2423100;40:23.1;5:08.1;0.0;1684200;28:04.2;3:53.3
105;Håkon Hauge;Gunnes;0;m;Trondhjems Skiskyttere;NO;Serie;M20-22;00:00:00.000;Mål;11.0;OK;49;0;5;4692833;Trondheim Biathlon Team;11.0;11208150;3:06:48.1;Mangler 3;0;623700;NOR;;;;;;;;;0.0;2387240;39:47.2;6:25.6;6.0;1438710;23:58.7;2:10.3;;;;;;;;;5.0;3015600;50:15.6;5:13.3;0.0;1902000;31:42.0;5:20.0;0.0;2464600;41:04.6;5:49.6;;;;
106;Kjerand Tronerud;Kvelvane;0;m;Voss Skiskytterlag;NO;Serie;M20-22;00:00:00.000;Mål;11.0;OK;50;0;7;3829293;Team Woodcon;11.0;15072640;4:11:12.6;Mangler 1;0;623700;NOR;3.0;1691500;28:11.5;3:12.3;0.0;3095440;51:35.4;8:45.6;;;;;;;;;3.0;1443300;24:03.3;1:56.9;0.0;0;0:00.0;34:29.6;0.0;3073100;51:13.1;6:10.8;0.0;1813300;30:13.3;3:51.3;0.0;2383800;39:43.8;4:28.8;5.0;1572200;26:12.2;2:01.3
107;Morten André Skånøy;Søraas;0;m;Skauga IL;NO;Serie;M20-22;00:00:00.000;Mål;10.0;OK;51;0;8;414908;;10.0;17316690;4:48:36.6;29:01.880;0;623700;NOR;0.0;1716500;28:36.5;3:37.3;0.0;3118160;51:58.1;9:08.3;0.0;2310830;38:30.8;5:09.2;0.0;1506600;25:06.6;3:18.2;8.0;1429800;23:49.8;1:43.4;0.0;2394000;39:54.0;5:24.4;2.0;3050800;50:50.8;5:48.5;0.0;1790000;29:50.0;3:28.0;0.0;2367200;39:27.2;4:12.2;0.0;1668300;27:48.3;3:37.4
108;Iver Overgård;Fremstad;0;m;Byåsen Skiskytterlag;NO;Serie;M20-22;00:00:00.000;Mål;5.0;OK;52;0;7;389369;Trondheim Biathlon Team;5.0;14202010;3:56:42.0;Mangler 1;0;623700;NOR;0.0;1731200;28:51.2;3:52.0;0.0;3123970;52:03.9;9:14.1;5.0;2239080;37:19.0;3:57.4;0.0;1498460;24:58.4;3:10.0;0.0;1478500;24:38.5;2:32.1;;;;;;;;;;;;;0.0;2465200;41:05.2;5:50.2;0.0;1665600;27:45.6;3:34.7
109;Magnus Raaum;Langseth;0;m;Østre Toten Skilag;NO;Serie;M20-22;00:00:00.000;Mål;4.0;OK;53;0;8;4445298;Team Lygna skiskyting;4.0;16941760;4:42:21.7;22:46.950;0;623700;NOR;0.0;1882900;31:22.9;6:23.7;4.0;3044560;50:44.5;7:54.7;0.0;2403200;40:03.2;6:41.6;0.0;1569600;26:09.6;4:21.2;0.0;1475600;24:35.6;2:29.2;0.0;2364300;39:24.3;4:54.7;;;;;0.0;1798100;29:58.1;3:36.1;0.0;2403500;40:03.5;4:48.5;0.0;1604700;26:44.7;2:33.8
110;Håkon;Frøseth;0;m;Sokna IL;NO;Serie;M20-22;00:00:00.000;Mål;3.0;OK;54;0;7;4708461;Trondheim Biathlon Team;3.0;14680990;4:04:40.9;Mangler 1;0;623700;NOR;0.0;1723900;28:43.9;3:44.7;0.0;0;0:00.0;42:49.8;0.0;2413620;40:13.6;6:52.0;0.0;1489970;24:49.9;3:01.5;0.0;1511200;25:11.2;3:04.8;0.0;2523900;42:03.9;7:34.3;0.0;3252000;54:12.0;9:09.7;3.0;1766400;29:26.4;3:04.4;;;;;0.0;1607800;26:47.8;2:36.9
111;Eirik;Horten;0;m;Os IL;NO;Serie;M20-22;00:00:00.000;Mål;2.0;OK;55;0;7;694800;Team Hugaas;2.0;13519610;3:45:19.6;Mangler 1;0;623700;NOR;0.0;1777000;29:37.0;4:37.8;;;;;0.0;2350400;39:10.4;5:48.8;0.0;1546210;25:46.2;3:57.8;0.0;1465200;24:25.2;2:18.8;2.0;2331000;38:51.0;4:21.4;;;;;;;;;0.0;2400000;40:00.0;4:45.0;0.0;1649800;27:29.8;3:18.9
112;Erik Kjøsnes;Wekre;0;m;Steinkjer Skiklubb;NO;Serie;M20-22;00:00:00.000;Mål;2.0;OK;55;0;5;941160;;2.0;10735410;2:58:55.4;Mangler 3;0;623700;NOR;0.0;1830700;30:30.7;5:31.5;2.0;3047690;50:47.6;7:57.8;0.0;2410820;40:10.8;6:49.2;;;;;0.0;1485100;24:45.1;2:38.7;0.0;0;0:00.0;34:29.6;0.0;0;0:00.0;45:02.3;0.0;1961100;32:41.1;6:19.1;;;;;;;;
113;Håkon;Nordmo;0;m;Målselvs Skiskyttere;NO;Serie;M20-22;00:00:00.000;Mål;2.0;OK;55;0;8;616774;;2.0;16711610;4:38:31.6;18:56.800;0;623700;NOR;;;;;;;;;0.0;2399620;39:59.6;6:38.0;0.0;1478090;24:38.0;2:49.6;0.0;1510400;25:10.4;3:04.0;0.0;2392800;39:52.8;5:23.2;0.0;3185400;53:05.4;8:03.1;2.0;1768700;29:28.7;3:06.7;0.0;2364800;39:24.8;4:09.8;0.0;1611800;26:51.8;2:40.9
114;Eivind;Fjærbu;0;m;Froland IL;NO;Serie;M20-22;00:00:00.000;Mål;1.0;OK;58;0;8;2125712;;1.0;17701790;4:55:01.7;35:26.980;0;623700;NOR;0.0;1735400;28:55.4;3:56.2;0.0;3296090;54:56.0;12:06.2;;;;;;;;;0.0;1467000;24:27.0;2:20.6;0.0;2367800;39:27.8;4:58.2;0.0;3062900;51:02.9;6:00.6;1.0;1776100;29:36.1;3:14.1;0.0;2412600;40:12.6;4:57.6;0.0;1583900;26:23.9;2:13.0
115;Eirik Markus;Rinde;0;m;Vik IL;NO;Serie;M20-22;00:00:00.000;Mål;1.0;OK;58;0;8;4444898;Team Glalaks;1.0;17679680;4:54:39.6;35:04.870;0;623700;NOR;0.0;1850400;30:50.4;5:51.2;;;;;0.0;2428810;40:28.8;7:07.2;0.0;1552570;25:52.5;4:04.1;0.0;1636000;27:16.0;5:09.6;0.0;2683700;44:43.7;10:14.1;1.0;3053600;50:53.6;5:51.3;0.0;1937600;32:17.6;5:55.6;0.0;2537000;42:17.0;7:02.0;0.0;1831200;30:31.2;6:20.3
116;Sindre;Gjøsæter;0;m;Kvam Langrenn- og Skiskyttarklubb;NO;Serie;M20-22;00:00:00.000;Mål;0.0;OK;60;0;7;4204867;Holmenkollen Biathlon;0.0;15508440;4:18:28.4;Mangler 1;0;623700;NOR;0.0;1731900;28:51.9;3:52.7;0.0;3139990;52:19.9;9:30.1;0.0;2353850;39:13.8;5:52.2;0.0;1495900;24:55.9;3:07.5;;;;;;;;;0.0;3138900;52:18.9;7:16.6;0.0;1850600;30:50.6;4:28.6;;;;;0.0;1797300;29:57.3;5:46.4
117;Kristian;Aasbø;0;m;Gjerstad IL;NO;Serie;M20-22;00:00:00.000;Mål;0.0;OK;60;0;8;694754;Sirdal Ski;0.0;18938480;5:15:38.4;56:03.670;0;623700;NOR;0.0;1745900;29:05.9;4:06.7;0.0;3389360;56:29.3;13:39.5;0.0;2505610;41:45.6;8:24.0;0.0;1489010;24:49.0;3:00.6;0.0;1481700;24:41.7;2:35.3;0.0;2538200;42:18.2;7:48.6;0.0;3208500;53:28.5;8:26.2;;;;;0.0;2580200;43:00.2;7:45.2;0.0;1686700;28:06.7;3:55.8
118;Magnus Sellie;Hansen;0;m;Skaun IL;NO;Serie;M20-22;00:00:00.000;Mål;0.0;OK;60;0;7;789242;;0.0;17215600;4:46:55.6;Mangler 1;0;623700;NOR;0.0;1770300;29:30.3;4:31.1;0.0;3571100;59:31.1;16:41.3;0.0;2327700;38:47.7;5:26.1;;;;;;;;;;;;;0.0;3366100;56:06.1;11:03.8;0.0;1889500;31:29.5;5:07.5;0.0;2618000;43:38.0;8:23.0;0.0;1672900;27:52.9;3:42.0
119;Ola Nymoen;Aas;0;m;Røros IL;NO;Serie;M20-22;00:00:00.000;Mål;0.0;OK;60;0;8;527116;Trondheim Biathlon Team;0.0;18403520;5:06:43.5;47:08.710;0;623700;NOR;0.0;1794600;29:54.6;4:55.4;0.0;3095200;51:35.2;8:45.4;0.0;2589390;43:09.3;9:47.7;0.0;1583630;26:23.6;4:35.2;0.0;1633200;27:13.2;5:06.8;0.0;2635500;43:55.5;9:25.9;0.0;3146700;52:26.7;7:24.4;0.0;1925300;32:05.3;5:43.3;0.0;2435700;40:35.7;5:20.7;0.0;1678100;27:58.1;3:47.2
120;Håvard Heie;Bjørndal;0;m;Hålandsdal IL;NO;Serie;M20-22;00:00:00.000;Mål;0.0;OK;60;0;7;4580391;Team Glalaks;0.0;17373020;4:49:33.0;Mangler 1;0;623700;NOR;0.0;1815500;30:15.5;5:16.3;0.0;3394120;56:34.1;13:44.3;;;;;;;;;0.0;1618400;26:58.4;4:52.0;0.0;2684000;44:44.0;10:14.4;0.0;3365900;56:05.9;11:03.6;;;;;0.0;2686900;44:46.9;9:31.9;0.0;1808200;30:08.2;5:57.3
121;Arnt Tomas;Sundli;0;m;Sokna IL;NO;Serie;M20-22;00:00:00.000;Mål;0.0;OK;60;0;8;4190030;;0.0;18175680;5:02:55.6;43:20.870;0;623700;NOR;0.0;1834300;30:34.3;5:35.1;0.0;3136280;52:16.2;9:26.4;0.0;2415340;40:15.3;6:53.7;0.0;1513360;25:13.3;3:24.9;0.0;1549400;25:49.4;3:43.0;0.0;2478100;41:18.1;6:48.5;0.0;3328900;55:28.9;10:26.6;0.0;1920000;32:00.0;5:38.0;0.0;2462800;41:02.8;5:47.8;0.0;1682700;28:02.7;3:51.8
122;Marius Årestrup;Larsen;0;m;Vik IL;NO;Serie;M20-22;00:00:00.000;Mål;0.0;OK;60;0;8;694782;Team Glalaks;0.0;18797520;5:13:17.5;53:42.710;0;623700;NOR;0.0;1851300;30:51.3;5:52.1;0.0;3474720;57:54.7;15:04.9;;;;;;;;;0.0;1536900;25:36.9;3:30.5;0.0;2576000;42:56.0;8:26.4;0.0;3254400;54:14.4;9:12.1;0.0;1875500;31:15.5;4:53.5;0.0;2529300;42:09.3;6:54.3;0.0;1699400;28:19.4;4:08.5
123;Kristian Aleksander;TORESEN;0;m;Oslo Skiskytterlag;NO;Serie;M20-22;00:00:00.000;Mål;0.0;OK;60;0;2;694749;;0.0;5312230;1:28:32.2;Mangler 6;0;623700;NOR;0.0;1861700;31:01.7;6:02.5;0.0;3450530;57:30.5;14:40.7;;;;;;;;;;;;;;;;;;;;;;;;;;;;;;;;
124;Truls Løvaas;Søvik;0;m;Trondhjems Skiskyttere;NO;Serie;M20-22;00:00:00.000;Mål;0.0;OK;60;0;6;4211596;;0.0;12970450;3:36:10.4;Mangler 2;0;623700;NOR;0.0;1866800;31:06.8;6:07.6;0.0;3367190;56:07.1;13:17.3;0.0;2642490;44:02.4;10:40.8;0.0;1488070;24:48.0;2:59.6;;;;;;;;;;;;;0.0;1874200;31:14.2;4:52.2;;;;;0.0;1731700;28:51.7;4:40.8
125;Jo Eivind;Nilssen;0;m;Øystre Slidre IL;NO;Serie;M20-22;00:00:00.000;Mål;0.0;OK;60;0;8;792186;Team Valdres Ski;0.0;18210260;5:03:30.2;43:55.450;0;623700;NOR;0.0;1876100;31:16.1;6:16.9;0.0;3081040;51:21.0;8:31.2;0.0;2416470;40:16.4;6:54.8;0.0;1531450;25:31.4;3:43.0;0.0;1487100;24:47.1;2:40.7;0.0;2545400;42:25.4;7:55.8;0.0;3390100;56:30.1;11:27.8;0.0;1882600;31:22.6;5:00.6;0.0;2608600;43:28.6;8:13.6;0.0;1716200;28:36.2;4:25.3
126;Sander Kulstad;Haugen;0;m;Østre Toten Skilag;NO;Serie;M20-22;00:00:00.000;Mål;0.0;OK;60;0;5;4204938;Team Lygna skiskyting;0.0;12488360;3:28:08.3;Mangler 3;0;623700;NOR;0.0;1909200;31:49.2;6:50.0;0.0;3474200;57:54.2;15:04.4;0.0;0;0:00.0;33:21.6;0.0;1646560;27:26.5;5:38.1;;;;;;;;;0.0;3308800;55:08.8;10:06.5;0.0;2149600;35:49.6;9:27.6;;;;;;;;
127;Håvard Eriksson;Solfeldt;0;m;Skaun IL;NO;Serie;M20-22;00:00:00.000;Mål;0.0;OK;60;0;5;2584169;Team Knyken;0.0;13567540;3:46:07.5;Mangler 3;0;623700;NOR;0.0;1914900;31:54.9;6:55.7;0.0;3456440;57:36.4;14:46.6;;;;;;;;;0.0;1661900;27:41.9;5:35.5;0.0;2935600;48:55.6;14:26.0;0.0;3598700;59:58.7;14:56.4;;;;;;;;;;;;
128;Torstein;WINGESTAD;0;m;Svene IL;NO;Serie;M20-22;00:00:00.000;Mål;0.0;OK;60;0;8;694804;Sirdal Ski;0.0;19964200;5:32:44.2;1:13:09.390;0;623700;NOR;0.0;1920500;32:00.5;7:01.3;0.0;3456940;57:36.9;14:47.1;0.0;3032000;50:32.0;17:10.4;0.0;1597960;26:37.9;4:49.5;0.0;1651400;27:31.4;5:25.0;0.0;2692800;44:52.8;10:23.2;0.0;3651200;1:00:51.2;15:48.9;0.0;1961400;32:41.4;6:19.4;0.0;2742200;45:42.2;10:27.2;;;;
129;Vegard Øverli;Berg;0;m;Svene IL;NO;Serie;M20-22;00:00:00.000;Mål;0.0;OK;60;0;8;3642888;Team Skiguard Buskerud;0.0;19257950;5:20:57.9;1:01:23.140;0;623700;NOR;0.0;1923600;32:03.6;7:04.4;0.0;3554690;59:14.6;16:24.8;0.0;2501290;41:41.2;8:19.6;0.0;1514870;25:14.8;3:26.4;0.0;1612800;26:52.8;4:46.4;0.0;2672000;44:32.0;10:02.4;0.0;3540900;59:00.9;13:58.6;0.0;1937800;32:17.8;5:55.8;0.0;2611600;43:31.6;8:16.6;0.0;1815200;30:15.2;6:04.3
130;Kristoffer Schulz;Solum;0;m;Simostranda IL;NO;Serie;M20-22;00:00:00.000;Mål;0.0;OK;60;0;7;694572;Team Skiguard Buskerud;0.0;17275360;4:47:55.3;Mangler 1;0;623700;NOR;0.0;1944600;32:24.6;7:25.4;0.0;3216260;53:36.2;10:46.4;;;;;;;;;0.0;1623000;27:03.0;4:56.6;0.0;2807300;46:47.3;12:17.7;0.0;3113600;51:53.6;6:51.3;0.0;1901500;31:41.5;5:19.5;0.0;2669100;44:29.1;9:14.1;;;;
131;Tobias;Tangstad;0;m;Stiklestad IL;NO;Serie;M20-22;00:00:00.000;Mål;0.0;OK;60;0;6;2710247;Steinkjer vgs;0.0;15770210;4:22:50.2;Mangler 2;0;623700;NOR;0.0;1957700;32:37.7;7:38.5;0.0;3549580;59:09.5;16:19.7;0.0;2571910;42:51.9;9:30.3;0.0;1588920;26:28.9;4:40.5;;;;;;;;;0.0;3987600;1:06:27.6;21:25.3;0.0;2114500;35:14.5;8:52.5;;;;;;;;
132;Erlend;Solvang;0;m;Hålandsdal IL;NO;Serie;M20-22;00:00:00.000;Mål;0.0;OK;60;0;2;694773;Team Glalaks;0.0;5854950;1:37:34.9;Mangler 6;0;623700;NOR;0.0;2144700;35:44.7;10:45.5;0.0;3710250;1:01:50.2;19:00.4;;;;;;;;;;;;;;;;;;;;;;;;;;;;;;;;
133;Sander;Østensen;0;m;Østre Toten Skilag;NO;Serie;M20-22;00:00:00.000;Mål;0.0;OK;60;0;8;2970277;Team Lygna skiskyting;0.0;17238150;4:47:18.1;27:43.340;0;623700;NOR;;;;;0.0;3340870;55:40.8;12:51.0;0.0;2543520;42:23.5;9:01.9;0.0;1476660;24:36.6;2:48.2;0.0;1477300;24:37.3;2:30.9;0.0;2499400;41:39.4;7:09.8;;;;;0.0;1850900;30:50.9;4:28.9;0.0;2361500;39:21.5;4:06.5;0.0;1688000;28:08.0;3:57.1
134;Torbjørn;Oppigard;0;m;Molde og Omegn IF;NO;Serie;M20-22;00:00:00.000;Mål;0.0;OK;60;0;8;4496387;;0.0;19619260;5:26:59.2;1:07:24.450;0;623700;NOR;;;;;0.0;3358290;55:58.2;13:08.4;0.0;2445950;40:45.9;7:24.3;0.0;1498220;24:58.2;3:09.8;0.0;1655300;27:35.3;5:28.9;0.0;2656600;44:16.6;9:47.0;0.0;3318200;55:18.2;10:15.9;0.0;1961000;32:41.0;6:19.0;0.0;2725700;45:25.7;10:10.7;0.0;1772800;29:32.8;5:21.9
135;Kristoffer;Sverdrup;0;m;Dombås IL;NO;Serie;M20-22;00:00:00.000;Mål;0.0;OK;60;0;1;4005733;Team Hugaas;0.0;3406380;56:46.3;Mangler 7;0;623700;NOR;;;;;0.0;3406380;56:46.3;13:56.5;;;;;;;;;;;;;;;;;;;;;;;;;;;;;;;;
136;Henning Husmo;Kristiansen;0;m;Ullensaker Skiklubb;NO;Serie;M20-22;00:00:00.000;Mål;0.0;OK;60;0;3;694777;Sirdal Ski;0.0;7646430;2:07:26.4;Mangler 5;0;623700;NOR;;;;;0.0;3478280;57:58.2;15:08.4;0.0;2566380;42:46.3;9:24.7;0.0;1601770;26:41.7;4:53.3;;;;;;;;;;;;;;;;;;;;;;;;
137;Knut Lussand;Selheim;0;m;Voss Skiskytterlag;NO;Serie;M20-22;00:00:00.000;Mål;0.0;OK;60;0;2;582439;Holmenkollen Biathlon;0.0;5221400;1:27:01.4;Mangler 6;0;623700;NOR;;;;;0.0;0;0:00.0;42:49.8;;;;;;;;;;;;;;;;;0.0;3268800;54:28.8;9:26.5;0.0;1952600;32:32.6;6:10.6;;;;;;;;
138;Ørjan;Moseng;0;m;Røros IL;NO;Serie;M20-22;00:00:00.000;Mål;0.0;OK;60;0;0;414250;Team Maxim;0.0;0;0:00.0;Mangler 8;0;623700;NOR;;;;;0.0;0;0:00.0;42:49.8;;;;;;;;;;;;;;;;;;;;;;;;;;;;;;;;
139;Håvard;Haugen;0;m;Tonstad IL;NO;Serie;M20-22;00:00:00.000;Mål;0.0;OK;60;0;2;4213333;Sirdal Ski;0.0;4116820;1:08:36.8;Mangler 6;0;623700;NOR;;;;;;;;;0.0;2480120;41:20.1;7:58.5;;;;;0.0;1636700;27:16.7;5:10.3;0.0;0;0:00.0;34:29.6;;;;;;;;;;;;;;;;
140;Martin Fagereng;Fjellavli;0;m;Skonseng UL;NO;Serie;M20-22;00:00:00.000;Mål;0.0;OK;60;0;2;4255582;Team Polarsirkelen ski;0.0;4114160;1:08:34.1;Mangler 6;0;623700;NOR;;;;;;;;;0.0;2606370;43:26.3;10:04.7;0.0;1507790;25:07.7;3:19.3;;;;;;;;;;;;;;;;;;;;;;;;
141;Odd;Wæhre;0;m;Meråker Skiskytterklubb;NO;Serie;M20-22;00:00:00.000;Mål;0.0;OK;60;0;8;4783109;;0.0;20205700;5:36:45.7;1:17:10.890;0;623700;NOR;;;;;;;;;0.0;2918740;48:38.7;15:17.1;0.0;1794960;29:54.9;8:06.5;0.0;1749800;29:09.8;7:03.4;0.0;3107600;51:47.6;17:18.0;0.0;3625800;1:00:25.8;15:23.5;0.0;2167800;36:07.8;9:45.8;0.0;2846500;47:26.5;12:11.5;0.0;1994500;33:14.5;9:03.6
142;Kristian Lindh;Aandahl;0;m;IL Bevern;NO;Serie;M20-22;00:00:00.000;Mål;0.0;OK;60;0;2;4120379;;0.0;4759470;1:19:19.4;Mangler 6;0;623700;NOR;;;;;;;;;0.0;2962190;49:22.1;16:00.5;0.0;1797280;29:57.2;8:08.8;;;;;;;;;;;;;;;;;;;;;;;;
143;Kevin Brekken;Ramsfjell;0;m;Figgjo IL;NO;Serie;M20-22;00:00:00.000;Mål;0.0;OK;60;0;4;2122673;;0.0;7383680;2:03:03.6;Mangler 4;0;623700;NOR;;;;;;;;;;;;;0.0;1493180;24:53.1;3:04.7;0.0;1513100;25:13.1;3:06.7;0.0;2550800;42:30.8;8:01.2;;;;;0.0;1826600;30:26.6;4:04.6;;;;;;;;
144;Zhang;Zhenhai;0;m;Team China/NTG Lillehammer;NO;Serie;M20-22;00:00:00.000;Mål;0.0;OK;60;0;3;5780934;Team China;0.0;7155690;1:59:15.6;Mangler 5;0;623700;NOR;;;;;;;;;;;;;0.0;1637290;27:17.2;5:28.8;;;;;;;;;0.0;3431800;57:11.8;12:09.5;0.0;2086600;34:46.6;8:24.6;;;;;;;;
145;Yufan;Li;0;m;Team China;CN;Serie;M20-22;00:00:00.000;Mål;0.0;OK;60;0;1;5790389;Team China;0.0;1651180;27:31.1;Mangler 7;0;623700;CHN;;;;;;;;;;;;;0.0;1651180;27:31.1;5:42.7;;;;;;;;;;;;;;;;;;;;;;;;
146;Wuerying;Mulati;0;m;;NO;Serie;M20-22;00:00:00.000;Mål;0.0;OK;60;0;1;5780937;Team China;0.0;1663000;27:43.0;Mangler 7;0;623700;NOR;;;;;;;;;;;;;0.0;1663000;27:43.0;5:54.6;;;;;;;;;;;;;;;;;;;;;;;;
147;Zhao;Lei;0;m;Team China/NTG Lillehammer;NO;Serie;M20-22;00:00:00.000;Mål;0.0;OK;60;0;3;5780935;Team China;0.0;7222980;2:00:22.9;Mangler 5;0;623700;NOR;;;;;;;;;;;;;0.0;1692580;28:12.5;6:24.1;;;;;;;;;0.0;3603600;1:00:03.6;15:01.3;0.0;1926800;32:06.8;5:44.8;;;;;;;;
148;Emil Andre;Breivik;0;m;IL Bevern;NO;Serie;M20-22;00:00:00.000;Mål;0.0;OK;60;0;3;694612;;0.0;6799900;1:53:19.9;Mangler 5;0;623700;NOR;;;;;;;;;;;;;;;;;0.0;1629000;27:09.0;5:02.6;;;;;0.0;3271500;54:31.5;9:29.2;0.0;1899400;31:39.4;5:17.4;;;;;;;;
149;Eivind Bogen;Brurok;0;m;Trondhjems Skiskyttere;NO;Serie;M20-22;00:00:00.000;Mål;0.0;OK;60;0;1;414907;;0.0;2510400;41:50.4;Mangler 7;0;623700;NOR;;;;;;;;;;;;;;;;;;;;;;;;;;;;;;;;;0.0;2510400;41:50.4;6:35.4;;;;
150;Gard Edvard;Myhr;0;m;Tromsø Skiskytterlag;NO;Serie;M20-22;00:00:00.000;Mål;0.0;OK;60;0;2;608885;;0.0;4489300;1:14:49.3;Mangler 6;0;623700;NOR;;;;;;;;;;;;;;;;;;;;;;;;;;;;;;;;;0.0;2632000;43:52.0;8:37.0;0.0;1857300;30:57.3;6:46.4
151;Marthin Berg;Kirkhus;0;m;Asker Skiklubb;NO;Serie;M20-22;00:00:00.000;Mål;0.0;OK;60;0;2;694663;Team OASSK;0.0;4783300;1:19:43.3;Mangler 6;0;623700;NOR;;;;;;;;;;;;;;;;;;;;;;;;;;;;;;;;;0.0;2882900;48:02.9;12:47.9;0.0;1900400;31:40.4;7:29.5
152;Sigurd;Leren;0;m;Vingelen IL;SE;Serie;M20-22;00:00:00.000;Mål;0.0;OK;60;0;1;3523397;Team Woodcon;0.0;1835900;30:35.9;Mangler 7;0;623700;SWE;;;;;;;;;;;;;;;;;;;;;;;;;;;;;;;;;;;;;0.0;1835900;30:35.9;6:25.0